[
    {
        "domain_name": [
            "GOOGLE.COM",
            "google.com"
        ],
        "registrar": "MarkMonitor, Inc.",
        "whois_server": "whois.markmonitor.com",
        "referral_url": null,
        "updated_date": "2019-09-09 15:39:04",
        "creation_date": [
            "1997-09-15 04:00:00",
            "1997-09-15 07:00:00"
        ],
        "expiration_date": [
            "2028-09-14 04:00:00",
            "2028-09-13 07:00:00"
        ],
        "name_servers": [
            "NS1.GOOGLE.COM",
            "NS2.GOOGLE.COM",
            "NS3.GOOGLE.COM",
            "NS4.GOOGLE.COM",
            "ns3.google.com",
            "ns1.google.com",
            "ns2.google.com",
            "ns4.google.com"
        ],
        "status": [
            "clientDeleteProhibited https://icann.org/epp#clientDeleteProhibited",
            "clientTransferProhibited https://icann.org/epp#clientTransferProhibited",
            "clientUpdateProhibited https://icann.org/epp#clientUpdateProhibited",
            "serverDeleteProhibited https://icann.org/epp#serverDeleteProhibited",
            "serverTransferProhibited https://icann.org/epp#serverTransferProhibited",
            "serverUpdateProhibited https://icann.org/epp#serverUpdateProhibited",
            "clientUpdateProhibited (https://www.icann.org/epp#clientUpdateProhibited)",
            "clientTransferProhibited (https://www.icann.org/epp#clientTransferProhibited)",
            "clientDeleteProhibited (https://www.icann.org/epp#clientDeleteProhibited)",
            "serverUpdateProhibited (https://www.icann.org/epp#serverUpdateProhibited)",
            "serverTransferProhibited (https://www.icann.org/epp#serverTransferProhibited)",
            "serverDeleteProhibited (https://www.icann.org/epp#serverDeleteProhibited)"
        ],
        "emails": [
            "abusecomplaints@markmonitor.com",
            "whoisrequest@markmonitor.com"
        ],
        "dnssec": "unsigned",
        "name": null,
        "org": "Google LLC",
        "address": null,
        "city": null,
        "state": "CA",
        "zipcode": null,
        "country": "US"
    },
    {
        "domain_name": "FACEBOOK.COM",
        "registrar": "RegistrarSafe, LLC",
        "whois_server": "whois.registrarsafe.com",
        "referral_url": null,
        "updated_date": "2022-01-26 16:45:06",
        "creation_date": "1997-03-29 05:00:00",
        "expiration_date": "2031-03-30 04:00:00",
        "name_servers": [
            "A.NS.FACEBOOK.COM",
            "B.NS.FACEBOOK.COM",
            "C.NS.FACEBOOK.COM",
            "D.NS.FACEBOOK.COM"
        ],
        "status": [
            "clientDeleteProhibited https://icann.org/epp#clientDeleteProhibited",
            "clientTransferProhibited https://icann.org/epp#clientTransferProhibited",
            "clientUpdateProhibited https://icann.org/epp#clientUpdateProhibited",
            "serverDeleteProhibited https://icann.org/epp#serverDeleteProhibited",
            "serverTransferProhibited https://icann.org/epp#serverTransferProhibited",
            "serverUpdateProhibited https://icann.org/epp#serverUpdateProhibited",
            "serverUpdateProhibited https://www.icann.org/epp#serverUpdateProhibited",
            "clientDeleteProhibited https://www.icann.org/epp#clientDeleteProhibited",
            "clientTransferProhibited https://www.icann.org/epp#clientTransferProhibited",
            "serverDeleteProhibited https://www.icann.org/epp#serverDeleteProhibited",
            "serverTransferProhibited https://www.icann.org/epp#serverTransferProhibited",
            "clientUpdateProhibited https://www.icann.org/epp#clientUpdateProhibited"
        ],
        "emails": [
            "abusecomplaints@registrarsafe.com",
            "domain@fb.com"
        ],
        "dnssec": "unsigned",
        "name": "Domain Admin",
        "org": "Meta Platforms, Inc.",
        "address": "1601 Willow Rd",
        "city": "Menlo Park",
        "state": "CA",
        "zipcode": "94025",
        "country": "US"
    },
    {
        "domain_name": [
            "GOOGLE.COM",
            "google.com"
        ],
        "registrar": "MarkMonitor, Inc.",
        "whois_server": "whois.markmonitor.com",
        "referral_url": null,
        "updated_date": "2019-09-09 15:39:04",
        "creation_date": [
            "1997-09-15 04:00:00",
            "1997-09-15 07:00:00"
        ],
        "expiration_date": [
            "2028-09-14 04:00:00",
            "2028-09-13 07:00:00"
        ],
        "name_servers": [
            "NS1.GOOGLE.COM",
            "NS2.GOOGLE.COM",
            "NS3.GOOGLE.COM",
            "NS4.GOOGLE.COM",
            "ns3.google.com",
            "ns1.google.com",
            "ns2.google.com",
            "ns4.google.com"
        ],
        "status": [
            "clientDeleteProhibited https://icann.org/epp#clientDeleteProhibited",
            "clientTransferProhibited https://icann.org/epp#clientTransferProhibited",
            "clientUpdateProhibited https://icann.org/epp#clientUpdateProhibited",
            "serverDeleteProhibited https://icann.org/epp#serverDeleteProhibited",
            "serverTransferProhibited https://icann.org/epp#serverTransferProhibited",
            "serverUpdateProhibited https://icann.org/epp#serverUpdateProhibited",
            "clientUpdateProhibited (https://www.icann.org/epp#clientUpdateProhibited)",
            "clientTransferProhibited (https://www.icann.org/epp#clientTransferProhibited)",
            "clientDeleteProhibited (https://www.icann.org/epp#clientDeleteProhibited)",
            "serverUpdateProhibited (https://www.icann.org/epp#serverUpdateProhibited)",
            "serverTransferProhibited (https://www.icann.org/epp#serverTransferProhibited)",
            "serverDeleteProhibited (https://www.icann.org/epp#serverDeleteProhibited)"
        ],
        "emails": [
            "abusecomplaints@markmonitor.com",
            "whoisrequest@markmonitor.com"
        ],
        "dnssec": "unsigned",
        "name": null,
        "org": "Google LLC",
        "address": null,
        "city": null,
        "state": "CA",
        "zipcode": null,
        "country": "US"
    },
    {
        "domain_name": "GOOGLE.COM",
        "registrar": "MarkMonitor Inc.",
        "whois_server": "whois.markmonitor.com",
        "referral_url": null,
        "updated_date": "2019-09-09 15:39:04",
        "creation_date": "1997-09-15 04:00:00",
        "expiration_date": "2028-09-14 04:00:00",
        "name_servers": [
            "NS1.GOOGLE.COM",
            "NS2.GOOGLE.COM",
            "NS3.GOOGLE.COM",
            "NS4.GOOGLE.COM"
        ],
        "status": [
            "clientDeleteProhibited https://icann.org/epp#clientDeleteProhibited",
            "clientTransferProhibited https://icann.org/epp#clientTransferProhibited",
            "clientUpdateProhibited https://icann.org/epp#clientUpdateProhibited",
            "serverDeleteProhibited https://icann.org/epp#serverDeleteProhibited",
            "serverTransferProhibited https://icann.org/epp#serverTransferProhibited",
            "serverUpdateProhibited https://icann.org/epp#serverUpdateProhibited"
        ],
        "emails": "abusecomplaints@markmonitor.com",
        "dnssec": "unsigned",
        "name": null,
        "org": null,
        "address": null,
        "city": null,
        "state": null,
        "zipcode": null,
        "country": null
    },
    {
        "domain_name": "repubblica.it",
        "creation_date": "1996-05-15 00:00:00",
        "updated_date": "2023-02-01 00:49:31",
        "expiration_date": "2024-01-16 00:00:00",
        "status": "ok",
        "name_servers": "ns-1541.awsdns-00.co.uk\n  ns-1477.awsdns-56.org\n  ns-723.awsdns-26.net\n  ns-353.awsdns-44.com",
        "registrant_organization": "Gedi Digital S.r.l",
        "registrant_address": "Via Cristoforo Colombo, 90",
        "admin_address": "Via Cristoforo Colombo, 90",
        "admin_organization": "Gedi Digital S.r.l",
        "admin_name": "Daniele Bianchi",
        "tech_address": "Via Cristoforo Colombo, 90",
        "tech_organization": "Gedi Digital S.r.l",
        "tech_name": "Daniele Bianchi",
        "registrar_address": null,
        "registrar": "Gandi SAS",
        "registrar_name": "GANDI-REG"
    }
]